candidate_id,source,school,stage,converted,cost
1000,LinkedIn,Other,Applied,0,218.8513709707238
1001,Job Board,UVA,Applied,0,137.20912096844407
1002,Referral,Other,Offered,0,141.54759991182488
1003,LinkedIn,NC State,Applied,0,228.42565965904998
1004,Campus,UNC,Accepted,1,146.6845760479709
1005,Campus,NC State,Offered,0,128.3650502540232
1006,Campus,NC State,Applied,0,161.3137415933878
1007,Job Board,Duke,Interviewed,0,118.78537179229014
1008,Referral,Duke,Interviewed,0,131.02310089191408
1009,Referral,Duke,Interviewed,0,56.672383131684434
1010,Campus,Duke,Offered,0,193.76113518577256
1011,Job Board,Other,Interviewed,0,130.63981215223606
1012,Job Board,UVA,Interviewed,0,103.73975756559256
1013,Campus,UNC,Applied,0,164.67978454837132
1014,Campus,NC State,Applied,0,175.94842842579408
1015,Campus,Other,Offered,0,152.28693782607377
1016,LinkedIn,UNC,Applied,0,164.70159231710315
1017,LinkedIn,Other,Applied,0,194.1230592730579
1018,LinkedIn,Other,Applied,0,220.78790106084276
1019,LinkedIn,NC State,Interviewed,0,209.9332946845475
1020,Referral,UVA,Applied,0,96.86985938329255
1021,Campus,Duke,Interviewed,0,176.16631661782873
1022,LinkedIn,UVA,Accepted,1,214.78611681664594
1023,LinkedIn,NC State,Applied,0,216.32678311876688
1024,LinkedIn,NC State,Applied,0,191.78730616038396
1025,Referral,NC State,Interviewed,0,89.85232636507803
1026,Campus,UNC,Offered,0,116.00080558633957
1027,LinkedIn,UVA,Applied,0,194.8121648812549
1028,LinkedIn,UVA,Applied,0,218.70784107596256
1029,Campus,Other,Applied,0,145.91813405968827
1030,Referral,Other,Offered,0,108.9107769305801
1031,Campus,Other,Interviewed,0,172.2239871330656
1032,Campus,NC State,Offered,0,157.45665983597263
1033,Job Board,UVA,Offered,0,129.41029523521604
1034,Job Board,NC State,Applied,0,92.84355075924891
1035,Job Board,UNC,Interviewed,0,113.54870431796046
1036,LinkedIn,Other,Applied,0,234.5325301299319
1037,Campus,NC State,Offered,0,152.07594362192188
1038,Referral,NC State,Offered,0,137.9347636399315
1039,LinkedIn,UNC,Offered,0,185.53768738722107
1040,Campus,Duke,Applied,0,154.6789490426908
1041,LinkedIn,UVA,Applied,0,192.34643124896263
1042,Campus,Duke,Applied,0,161.83969370249108
1043,Job Board,Other,Applied,0,137.9001733612024
1044,LinkedIn,NC State,Applied,0,212.049321914018
1045,Referral,UNC,Interviewed,0,120.83704287496057
1046,LinkedIn,UNC,Applied,0,199.73654022955347
1047,LinkedIn,UVA,Applied,0,196.18943264672646
1048,LinkedIn,Duke,Offered,0,164.83613985448056
1049,Campus,UVA,Interviewed,0,162.7690187032913
1050,Job Board,NC State,Applied,0,123.44368184480315
1051,Referral,UVA,Interviewed,0,98.64170524874933
1052,Job Board,UNC,Applied,0,116.1836518909131
1053,Job Board,UNC,Accepted,1,119.26240877312419
1054,LinkedIn,Other,Applied,0,195.27527737004166
1055,Job Board,Other,Interviewed,0,109.43932322873391
1056,Campus,NC State,Accepted,1,154.79177761448338
1057,Campus,Duke,Offered,0,159.68318237865907
1058,Campus,UVA,Interviewed,0,134.5886417122764
1059,LinkedIn,NC State,Offered,0,191.98528861625218
1060,LinkedIn,Other,Accepted,1,195.90756497470264
1061,LinkedIn,UVA,Interviewed,0,200.0962661475357
1062,Job Board,Other,Applied,0,117.43629060828465
1063,LinkedIn,UVA,Interviewed,0,213.19442399312788
1064,LinkedIn,Duke,Interviewed,0,166.9526596859238
1065,LinkedIn,NC State,Interviewed,0,170.49925603319767
1066,Campus,UVA,Interviewed,0,153.87138798507155
1067,Job Board,UNC,Applied,0,107.94628304344423
1068,Campus,UNC,Applied,0,167.6848461154762
1069,Job Board,UVA,Applied,0,143.39601905177102
1070,Referral,UVA,Applied,0,104.6749435284582
1071,Campus,UVA,Applied,0,128.56050167451642
1072,Campus,UNC,Interviewed,0,171.0918703245412
1073,Job Board,UNC,Applied,0,123.97805324300654
1074,Referral,UVA,Offered,0,70.26128054945765
1075,Referral,Other,Applied,0,72.02960703869631
1076,Referral,Other,Applied,0,130.3389357941729
1077,Campus,Duke,Offered,0,177.0227182652246
1078,LinkedIn,NC State,Interviewed,0,149.6571371580751
1079,Campus,Other,Applied,0,122.84418209484247
1080,Job Board,UNC,Offered,0,142.8171099124331
1081,Referral,Other,Accepted,1,99.63014823213904
1082,LinkedIn,Duke,Applied,0,214.03698570984187
1083,Campus,Duke,Applied,0,148.76094507803808
1084,LinkedIn,NC State,Accepted,1,213.08984980142407
1085,LinkedIn,Other,Interviewed,0,200.11667093330868
1086,Referral,UNC,Interviewed,0,91.24783486486068
1087,Referral,UNC,Offered,0,121.17487659829618
1088,Job Board,UVA,Applied,0,124.04109232051292
1089,LinkedIn,UNC,Applied,0,213.04777432487134
1090,Campus,NC State,Applied,0,153.14895849921533
1091,Referral,NC State,Offered,0,90.27286212900374
1092,Referral,UNC,Interviewed,0,132.16778622714384
1093,LinkedIn,UNC,Interviewed,0,207.0993650951533
1094,Referral,UVA,Applied,0,92.89902711255696
1095,LinkedIn,UNC,Applied,0,225.5665894063743
1096,LinkedIn,UVA,Applied,0,173.58352452242084
1097,LinkedIn,UVA,Interviewed,0,244.7256730159197
1098,Campus,UNC,Interviewed,0,146.41700484673143
1099,Campus,Duke,Applied,0,124.63971585233247
1100,Campus,Duke,Offered,0,188.1188269691513
1101,Referral,UVA,Applied,0,90.73664773854418
1102,LinkedIn,UNC,Accepted,1,204.86489139711256
1103,LinkedIn,Duke,Applied,0,214.35381482878927
1104,Job Board,UNC,Interviewed,0,143.6834505532029
1105,Campus,UNC,Applied,0,155.9954912744313
1106,LinkedIn,UNC,Accepted,1,187.05369183339926
1107,Referral,Other,Interviewed,0,104.37985046667986
1108,Campus,UNC,Applied,0,141.61368909336556
1109,Campus,Other,Applied,0,154.98023352729047
1110,LinkedIn,UVA,Applied,0,232.56299091513716
1111,Campus,Duke,Applied,0,165.1185038328759
1112,Job Board,Duke,Offered,0,124.13292876196678
1113,Job Board,Duke,Applied,0,134.76981665212682
1114,Referral,Duke,Offered,0,116.20161303818371
1115,Job Board,Duke,Interviewed,0,98.44251794062549
1116,Job Board,Duke,Interviewed,0,120.83445422431396
1117,Campus,Duke,Applied,0,201.25055318665034
1118,Job Board,UVA,Applied,0,144.25641970063734
1119,LinkedIn,UNC,Offered,0,189.931288816776
1120,Job Board,NC State,Accepted,1,107.93584207764756
1121,Job Board,Other,Applied,0,107.26948553648795
1122,LinkedIn,NC State,Applied,0,217.32639900524114
1123,Campus,NC State,Interviewed,0,182.15281842232434
1124,Campus,UNC,Accepted,1,161.64334088960115
1125,LinkedIn,UNC,Applied,0,203.14324699737637
1126,Job Board,UNC,Applied,0,111.11689284734457
1127,Job Board,Duke,Offered,0,126.58746291167054
1128,Campus,UVA,Applied,0,133.59756559807582
1129,LinkedIn,Duke,Applied,0,161.28468905577523
1130,LinkedIn,UVA,Interviewed,0,232.73651380224896
1131,Campus,UVA,Accepted,1,129.8837465927578
1132,Campus,NC State,Applied,0,143.5033525266136
1133,LinkedIn,NC State,Applied,0,213.12714901258582
1134,Job Board,UVA,Applied,0,148.68933738692107
1135,LinkedIn,UVA,Applied,0,205.14261304837243
1136,LinkedIn,Duke,Interviewed,0,176.12578024678345
1137,Referral,Duke,Interviewed,0,93.97307100616898
1138,LinkedIn,NC State,Applied,0,186.4302918994984
1139,Job Board,UNC,Applied,0,119.23577945057357
1140,Job Board,UVA,Applied,0,144.6396894253927
1141,LinkedIn,Duke,Interviewed,0,149.25222807860231
1142,LinkedIn,NC State,Offered,0,191.77220339945018
1143,LinkedIn,Duke,Applied,0,190.31900727225963
1144,LinkedIn,UVA,Offered,0,174.8647731020872
1145,Campus,UVA,Offered,0,161.70981487499233
1146,Referral,Other,Applied,0,71.70048256247904
1147,LinkedIn,UNC,Applied,0,174.0021144140735
1148,Campus,Other,Interviewed,0,167.02138428041226
1149,LinkedIn,NC State,Applied,0,230.01142737925338
1150,Job Board,Duke,Applied,0,118.47806462776082
1151,Campus,NC State,Applied,0,125.65207762021468
1152,Campus,UVA,Applied,0,135.888918164435
1153,LinkedIn,Other,Offered,0,220.1600389449009
1154,Job Board,Other,Applied,0,122.32876481326787
1155,Campus,Other,Offered,0,147.97922446236154
1156,Referral,NC State,Interviewed,0,106.26099419826292
1157,Referral,UVA,Accepted,1,99.24680112949119
1158,Campus,Duke,Interviewed,0,180.91424595318435
1159,Referral,Duke,Applied,0,85.01713470612798
1160,LinkedIn,NC State,Interviewed,0,182.72081766329572
1161,Referral,Other,Applied,0,72.33092963862688
1162,Referral,UNC,Interviewed,0,89.2002472854862
1163,LinkedIn,NC State,Accepted,1,178.16049050667692
1164,Campus,NC State,Applied,0,154.36151017305448
1165,Job Board,UVA,Applied,0,120.41894731050287
1166,LinkedIn,Duke,Interviewed,0,178.41848999864047
1167,Campus,NC State,Offered,0,161.78278718055944
1168,Campus,NC State,Interviewed,0,180.33625734259746
1169,LinkedIn,Other,Applied,0,207.15676697342047
1170,Referral,Other,Offered,0,50.0
1171,Campus,UNC,Applied,0,189.7426194134021
1172,LinkedIn,UVA,Interviewed,0,214.93846938142119
1173,Campus,UNC,Accepted,1,189.12836506376902
1174,Referral,Other,Offered,0,121.81447172299669
1175,Campus,Duke,Offered,0,175.8103083774112
1176,Referral,Other,Applied,0,104.10533787202169
1177,LinkedIn,UVA,Interviewed,0,194.75407975620334
1178,Job Board,Other,Interviewed,0,127.46962375464321
1179,Campus,UVA,Applied,0,135.8242983950692
1180,LinkedIn,UVA,Offered,0,208.67761701800464
1181,Campus,UVA,Applied,0,97.4642748529858
1182,Job Board,UVA,Interviewed,0,120.85864490428825
1183,Job Board,UVA,Interviewed,0,146.89352240204266
1184,LinkedIn,Duke,Interviewed,0,201.8861715785793
1185,Referral,UNC,Applied,0,134.54965476061977
1186,Job Board,NC State,Applied,0,114.7250922430279
1187,LinkedIn,UNC,Interviewed,0,220.05301825975656
1188,LinkedIn,UVA,Accepted,1,182.43459852653268
1189,Campus,Duke,Interviewed,0,169.23913239110757
1190,Campus,Other,Applied,0,154.65189816455631
1191,Job Board,Duke,Interviewed,0,115.60499008314542
1192,Job Board,UVA,Applied,0,68.5223576987116
1193,Referral,Duke,Offered,0,94.912464483889
1194,LinkedIn,Duke,Interviewed,0,204.26906038559622
1195,LinkedIn,UVA,Offered,0,216.57418870439835
1196,Referral,Duke,Interviewed,0,131.21899598198135
1197,Job Board,NC State,Applied,0,160.70065402731822
1198,Job Board,NC State,Applied,0,144.9253468624597
1199,Referral,Duke,Applied,0,88.75819349391611
1200,Referral,Other,Applied,0,93.90391820964521
1201,Campus,UVA,Applied,0,164.77830942087365
1202,Campus,NC State,Interviewed,0,160.39228919695603
1203,Job Board,Other,Interviewed,0,152.56691918782724
1204,Referral,Duke,Interviewed,0,149.58778837419823
1205,Campus,Other,Offered,0,195.34360390196446
1206,Campus,UNC,Accepted,1,179.8787639959669
1207,Referral,NC State,Offered,0,110.55805297885794
1208,Campus,Duke,Interviewed,0,176.9865012589169
1209,Campus,UVA,Interviewed,0,183.2288202745679
1210,LinkedIn,Duke,Applied,0,197.05399205489962
1211,Referral,UVA,Applied,0,89.34678054982481
1212,Referral,Duke,Interviewed,0,84.6515799985665
1213,Campus,Other,Accepted,1,132.47230533109393
1214,Referral,Other,Offered,0,72.36009354813618
1215,Campus,Other,Applied,0,154.99803418235456
1216,LinkedIn,UNC,Applied,0,180.00494397823738
1217,Referral,UVA,Offered,0,84.32955631729236
1218,Referral,Other,Applied,0,114.02511118353453
1219,Job Board,UNC,Applied,0,123.63218132507019
1220,Referral,UVA,Accepted,1,108.5924988126735
1221,LinkedIn,Duke,Applied,0,227.30297523784162
1222,Campus,UNC,Applied,0,167.2905981708159
1223,LinkedIn,NC State,Interviewed,0,230.37773162905327
1224,LinkedIn,UNC,Offered,0,201.5995298955614
1225,Campus,UNC,Interviewed,0,182.23581182624793
1226,Job Board,UVA,Applied,0,127.1947352871492
1227,LinkedIn,Duke,Applied,0,203.37412522190405
1228,Job Board,NC State,Applied,0,149.23052412553005
1229,Referral,Other,Interviewed,0,82.5569264161341
1230,Referral,Other,Offered,0,140.4720113508495
1231,LinkedIn,UNC,Applied,0,194.35799959925427
1232,LinkedIn,UVA,Offered,0,175.63784056901358
1233,LinkedIn,UVA,Applied,0,213.07003904111724
1234,Campus,Other,Applied,0,142.4535697976348
1235,Referral,NC State,Applied,0,140.516141838225
1236,LinkedIn,Duke,Applied,0,191.34198362429706
1237,Campus,NC State,Interviewed,0,156.28897834703923
1238,Referral,Duke,Interviewed,0,71.48813369043793
1239,Campus,Other,Applied,0,166.2582848979494
1240,Job Board,Duke,Interviewed,0,104.45219848282191
1241,Job Board,UVA,Applied,0,133.86649380665202
1242,Job Board,UNC,Interviewed,0,111.43309520588276
1243,LinkedIn,UNC,Accepted,1,159.061306265544
1244,Campus,Other,Applied,0,152.62380180687768
1245,Job Board,UVA,Applied,0,121.7285703415687
1246,LinkedIn,NC State,Applied,0,217.62143147245226
1247,Job Board,UVA,Applied,0,151.12001143678407
1248,Job Board,UNC,Applied,0,158.24818819833598
1249,Job Board,UNC,Interviewed,0,137.2830842694177
1250,LinkedIn,UVA,Interviewed,0,205.57238384131836
1251,LinkedIn,UVA,Applied,0,171.4533282096907
1252,Job Board,UNC,Interviewed,0,124.04041873980015
1253,LinkedIn,NC State,Interviewed,0,204.29880339877866
1254,Campus,Other,Offered,0,146.02719480687944
1255,LinkedIn,Other,Interviewed,0,212.65935301201617
1256,Job Board,UVA,Applied,0,142.4381142196427
1257,Referral,Other,Applied,0,83.63192138942632
1258,LinkedIn,UNC,Applied,0,183.32031291601066
1259,Campus,UNC,Accepted,1,147.2141597644674
1260,Referral,UVA,Applied,0,87.69541618584154
1261,Job Board,UVA,Accepted,1,87.17493595280274
1262,Campus,UVA,Interviewed,0,130.06814527354098
1263,LinkedIn,NC State,Applied,0,175.3535770592512
1264,Job Board,Other,Applied,0,144.16901016036306
1265,Referral,UVA,Applied,0,134.05654012018556
1266,Referral,Duke,Accepted,1,78.09133085410826
1267,Referral,Duke,Interviewed,0,110.92147026274222
1268,LinkedIn,UNC,Applied,0,217.470328489395
1269,LinkedIn,Other,Applied,0,170.15462426680273
1270,Job Board,UVA,Applied,0,123.21957894357999
1271,Job Board,Duke,Applied,0,170.67032330693053
1272,Job Board,Other,Applied,0,133.54293732715263
1273,Job Board,UNC,Interviewed,0,115.09398917334939
1274,LinkedIn,NC State,Applied,0,188.7962694956358
1275,LinkedIn,Other,Applied,0,159.5507683055821
1276,Referral,Other,Interviewed,0,109.40947312233465
1277,Referral,NC State,Interviewed,0,138.9563357450863
1278,Referral,Other,Accepted,1,83.72912491204158
1279,Referral,UNC,Interviewed,0,61.28830640965877
1280,Job Board,UNC,Applied,0,106.71551637293551
1281,LinkedIn,NC State,Interviewed,0,217.63199491956416
1282,LinkedIn,UVA,Applied,0,191.4299999035583
1283,Campus,Duke,Applied,0,133.59063814173822
1284,LinkedIn,UVA,Accepted,1,200.3830983011572
1285,Campus,Other,Offered,0,154.5940149433571
1286,LinkedIn,Duke,Accepted,1,172.2321971845661
1287,LinkedIn,NC State,Applied,0,195.65432606126353
1288,LinkedIn,NC State,Interviewed,0,190.05464772155324
1289,LinkedIn,Duke,Applied,0,187.18191301503833
1290,Campus,UNC,Applied,0,129.65926661217105
1291,Campus,Duke,Offered,0,168.82515709589595
1292,Job Board,Other,Applied,0,107.11226142403945
1293,LinkedIn,UNC,Offered,0,160.1010942837343
1294,Campus,NC State,Offered,0,155.28595643950868
1295,LinkedIn,Duke,Applied,0,214.5039894534637
1296,Referral,UVA,Interviewed,0,84.07967869568245
1297,Campus,UVA,Interviewed,0,138.8067462043207
1298,Referral,Other,Applied,0,87.01892559143255
1299,Campus,UVA,Offered,0,143.0669327713978
1300,Campus,Duke,Interviewed,0,172.13700364379645
1301,LinkedIn,Duke,Applied,0,197.71881655255288
1302,LinkedIn,UVA,Interviewed,0,216.7918709133441
1303,Referral,Duke,Accepted,1,80.62336736906494
1304,Referral,Other,Applied,0,92.32619160838031
1305,Job Board,UNC,Interviewed,0,139.08027631694614
1306,LinkedIn,Other,Applied,0,183.88789203147482
1307,LinkedIn,Other,Offered,0,220.2427292181706
1308,Referral,Duke,Offered,0,87.43231818009724
1309,LinkedIn,UNC,Applied,0,193.56674969883161
1310,LinkedIn,Duke,Applied,0,233.4032517469785
1311,Campus,NC State,Offered,0,141.28362045667538
1312,Campus,Duke,Interviewed,0,152.9069160550127
1313,Job Board,Duke,Interviewed,0,132.3287284504347
1314,Job Board,Duke,Applied,0,124.53017299344023
1315,Referral,UNC,Accepted,1,105.10106697779153
1316,LinkedIn,Duke,Interviewed,0,198.8692051203653
1317,Campus,UNC,Accepted,1,123.95521581967354
1318,Campus,UVA,Applied,0,156.96578660199518
1319,LinkedIn,NC State,Interviewed,0,185.3506308597669
1320,LinkedIn,UNC,Interviewed,0,215.51534434806354
1321,Referral,UVA,Interviewed,0,127.44122847899371
1322,Referral,UNC,Interviewed,0,63.888854771659695
1323,LinkedIn,UNC,Applied,0,227.4761565485421
1324,Job Board,NC State,Interviewed,0,111.77884416265913
1325,Referral,Other,Interviewed,0,97.38101555631054
1326,LinkedIn,Other,Applied,0,181.7522509497522
1327,Referral,UNC,Offered,0,103.76935458132553
1328,LinkedIn,Duke,Applied,0,201.33629766354812
1329,Campus,UVA,Applied,0,171.538456505857
1330,LinkedIn,Duke,Accepted,1,185.17213446739487
1331,Referral,Duke,Accepted,1,133.21604803875817
1332,Campus,UNC,Interviewed,0,163.2942817261778
1333,Campus,UNC,Applied,0,151.81937953550818
1334,Campus,UNC,Offered,0,146.3843127220902
1335,Campus,UNC,Interviewed,0,143.868611057323
1336,Job Board,Other,Applied,0,115.1731245118699
1337,Referral,UNC,Interviewed,0,103.36803913870946
1338,LinkedIn,Other,Interviewed,0,195.82000078612535
1339,Campus,Other,Interviewed,0,137.18941086985026
1340,LinkedIn,UNC,Applied,0,203.48918589673406
1341,LinkedIn,NC State,Interviewed,0,183.27423762549225
1342,Campus,UVA,Accepted,1,156.44933802003493
1343,LinkedIn,Duke,Applied,0,195.53865929038517
1344,LinkedIn,Other,Interviewed,0,213.9346181846369
1345,Referral,UVA,Accepted,1,119.78148421390954
1346,Referral,NC State,Interviewed,0,119.77361120689477
1347,Campus,Duke,Interviewed,0,156.36210112105252
1348,LinkedIn,Duke,Interviewed,0,208.6966244153369
1349,Referral,Other,Interviewed,0,93.54497947763129
1350,LinkedIn,UNC,Offered,0,213.55279376966695
1351,Job Board,NC State,Applied,0,135.81002721323446
1352,Referral,Other,Accepted,1,68.65341692950943
1353,Campus,NC State,Applied,0,157.56694391214526
1354,Campus,UNC,Applied,0,177.36259615417734
1355,Referral,UNC,Offered,0,92.87419410790432
1356,Campus,Other,Applied,0,138.5090604773224
1357,LinkedIn,UNC,Applied,0,191.6027307782736
1358,Job Board,UVA,Applied,0,89.90248014341746
1359,LinkedIn,Duke,Applied,0,202.51967908897822
1360,LinkedIn,Other,Applied,0,200.59930880194503
1361,Referral,NC State,Accepted,1,103.94053665754602
1362,LinkedIn,UVA,Applied,0,208.31953242435605
1363,LinkedIn,Other,Interviewed,0,184.04013195637046
1364,Job Board,UNC,Interviewed,0,125.46398398044087
1365,LinkedIn,UNC,Accepted,1,208.8639731983146
1366,Job Board,UNC,Applied,0,110.23216538365935
1367,Job Board,UNC,Offered,0,128.40235996503947
1368,Campus,NC State,Interviewed,0,151.61413252773482
1369,Campus,UVA,Interviewed,0,137.3762046111324
1370,Campus,Duke,Interviewed,0,155.65577392967353
1371,Campus,NC State,Offered,0,144.18578513293562
1372,Campus,NC State,Applied,0,163.94130548028775
1373,Referral,Duke,Offered,0,95.21667239861924
1374,Campus,Duke,Interviewed,0,124.2046883646988
1375,LinkedIn,UNC,Offered,0,205.339739710553
1376,Job Board,NC State,Accepted,1,124.5880649566287
1377,Campus,Other,Applied,0,128.37725774404677
1378,Job Board,Duke,Accepted,1,135.0107223087061
1379,LinkedIn,Duke,Applied,0,213.9644167227096
1380,Campus,UVA,Applied,0,132.60039615050184
1381,Referral,Other,Applied,0,86.80747397880177
1382,Referral,Other,Interviewed,0,97.15984773940946
1383,Job Board,Duke,Interviewed,0,104.82295737924724
1384,Referral,UNC,Applied,0,112.80794369823356
1385,Job Board,UVA,Applied,0,122.9794389865442
1386,LinkedIn,Other,Accepted,1,178.1288570822353
1387,Campus,Duke,Offered,0,133.5505817430142
1388,Referral,Other,Offered,0,123.75438354332803
1389,Job Board,UVA,Offered,0,150.71124755830832
1390,Job Board,UVA,Interviewed,0,130.77457952105016
1391,LinkedIn,NC State,Applied,0,195.77449489699373
1392,LinkedIn,Duke,Applied,0,191.20074175186846
1393,Referral,UVA,Offered,0,110.9939883662201
1394,LinkedIn,NC State,Applied,0,201.51841068518974
1395,Job Board,NC State,Interviewed,0,87.79857105171246
1396,Job Board,Other,Applied,0,140.63735965069662
1397,LinkedIn,Other,Applied,0,226.9160653472574
1398,Referral,NC State,Interviewed,0,114.74505065886396
1399,Referral,Other,Offered,0,78.16777610743584
1400,Campus,UVA,Interviewed,0,137.2634710055332
1401,Job Board,UNC,Interviewed,0,82.84560277284578
1402,LinkedIn,UVA,Applied,0,231.9209698279111
1403,Job Board,NC State,Applied,0,112.86522873481944
1404,LinkedIn,NC State,Offered,0,246.66578643299565
1405,Job Board,UVA,Interviewed,0,159.10460061815556
1406,LinkedIn,Other,Applied,0,181.93147167262111
1407,Campus,Other,Offered,0,135.83464521193974
1408,Job Board,NC State,Applied,0,129.3238068469424
1409,Campus,Duke,Interviewed,0,114.9091579226746
1410,LinkedIn,Other,Applied,0,191.23481765242877
1411,Job Board,UVA,Interviewed,0,109.23681997586543
1412,Job Board,Other,Interviewed,0,157.02331883893416
1413,LinkedIn,UVA,Applied,0,203.2203577100891
1414,Referral,NC State,Accepted,1,94.30466044925608
1415,LinkedIn,Other,Applied,0,187.37030534629397
1416,LinkedIn,UVA,Applied,0,217.8809919464959
1417,LinkedIn,NC State,Applied,0,190.06578352139184
1418,Referral,Duke,Applied,0,98.99434051275
1419,Referral,UVA,Applied,0,87.21752955056071
1420,Referral,Duke,Interviewed,0,69.64925735969211
1421,Referral,Duke,Offered,0,80.07929744594672
1422,Campus,UNC,Interviewed,0,139.96056585270614
1423,LinkedIn,Other,Applied,0,194.7349033947274
1424,Campus,UVA,Applied,0,145.61152148152985
1425,LinkedIn,Duke,Applied,0,198.22160598962475
1426,LinkedIn,UNC,Applied,0,190.22624739697983
1427,Job Board,NC State,Interviewed,0,146.98252696336812
1428,LinkedIn,UVA,Applied,0,218.95968239713963
1429,Campus,Duke,Offered,0,147.29781465618325
1430,Campus,Other,Offered,0,155.08516559481993
1431,Referral,UNC,Interviewed,0,92.5582351709409
1432,Referral,Duke,Offered,0,50.0
1433,Campus,Other,Interviewed,0,150.4098602585205
1434,Campus,Duke,Interviewed,0,156.11228722502432
1435,Referral,UVA,Interviewed,0,67.74676483919545
1436,Campus,UVA,Interviewed,0,159.98822138389204
1437,Job Board,UVA,Applied,0,114.38846644110382
1438,Referral,UNC,Interviewed,0,106.75867441269324
1439,Campus,UVA,Applied,0,144.99202705259827
1440,Campus,Other,Interviewed,0,175.01908948453698
1441,Job Board,Duke,Applied,0,124.52457641168174
1442,LinkedIn,NC State,Accepted,1,220.04832917344015
1443,LinkedIn,Other,Interviewed,0,221.6945228434989
1444,Job Board,Other,Applied,0,97.60888547823178
1445,Job Board,UVA,Applied,0,105.21966259957705
1446,Job Board,UNC,Offered,0,129.03221365452512
1447,Referral,Duke,Offered,0,92.68925432483655
1448,LinkedIn,UNC,Interviewed,0,195.22786461487408
1449,Campus,Duke,Applied,0,175.7312964434122
1450,Referral,Duke,Interviewed,0,93.7926724361586
1451,LinkedIn,UNC,Applied,0,180.62141303502835
1452,LinkedIn,Other,Applied,0,183.3239999672881
1453,Job Board,Duke,Interviewed,0,163.647130023854
1454,Campus,UNC,Offered,0,146.43561039229525
1455,LinkedIn,Duke,Interviewed,0,172.7150448956418
1456,Campus,NC State,Offered,0,114.61082809366812
1457,LinkedIn,Other,Interviewed,0,187.50726714651773
1458,Campus,UVA,Interviewed,0,146.06955761145232
1459,Campus,Duke,Applied,0,168.98347412855344
1460,Campus,NC State,Accepted,1,167.04690332923533
1461,Referral,UVA,Applied,0,99.8730715785433
1462,Referral,UVA,Accepted,1,90.91662827680823
1463,LinkedIn,Duke,Offered,0,206.79203706843379
1464,Job Board,UNC,Applied,0,85.02507847727225
1465,LinkedIn,Duke,Interviewed,0,239.62161787858435
1466,LinkedIn,NC State,Offered,0,213.0821119171322
1467,Job Board,UVA,Applied,0,137.33980439456545
1468,Campus,Duke,Accepted,1,128.5169323624678
1469,Job Board,UNC,Offered,0,145.65297282593193
1470,Campus,Duke,Interviewed,0,140.7996567794741
1471,Job Board,Other,Applied,0,100.94883754362874
1472,Campus,UNC,Accepted,1,149.2165525878756
1473,Job Board,NC State,Interviewed,0,118.74889828023252
1474,LinkedIn,UVA,Applied,0,178.42925854976005
1475,Job Board,Duke,Applied,0,102.10125292917269
1476,Campus,UNC,Interviewed,0,130.535364493439
1477,LinkedIn,Other,Accepted,1,180.7256986428635
1478,Job Board,UNC,Interviewed,0,112.23804185800799
1479,LinkedIn,Other,Interviewed,0,172.22029727655084
1480,Referral,NC State,Applied,0,86.17251005172129
1481,Referral,UVA,Applied,0,120.90269096768537
1482,LinkedIn,NC State,Offered,0,216.46618904208367
1483,Referral,Duke,Applied,0,79.00241518214492
1484,LinkedIn,UNC,Applied,0,219.16409834588467
1485,Job Board,Other,Applied,0,80.67121461727902
1486,Campus,Other,Interviewed,0,198.58288644024307
1487,LinkedIn,UNC,Accepted,1,226.00626384271186
1488,Job Board,UNC,Applied,0,108.80536175719786
1489,Job Board,Duke,Applied,0,127.6485312347022
1490,LinkedIn,NC State,Interviewed,0,171.98161343781743
1491,Referral,Other,Accepted,1,101.20885579851627
1492,LinkedIn,Duke,Applied,0,196.32673934995066
1493,Campus,NC State,Interviewed,0,133.3047322121521
1494,LinkedIn,Duke,Applied,0,190.6288502734828
1495,LinkedIn,Other,Offered,0,188.66025048381147
1496,LinkedIn,UNC,Applied,0,177.3652656136473
1497,Campus,UNC,Applied,0,132.83705508206674
1498,Job Board,NC State,Interviewed,0,91.16311148000575
1499,Job Board,UVA,Interviewed,0,137.14661531121234
1500,Referral,NC State,Applied,0,81.35774507087461
1501,LinkedIn,UVA,Offered,0,175.5595825685969
1502,LinkedIn,Duke,Applied,0,216.83009359631993
1503,Job Board,Duke,Applied,0,127.3924070867866
1504,Referral,Other,Interviewed,0,116.09002111897918
1505,Campus,UVA,Offered,0,168.3216644839331
1506,Job Board,Other,Applied,0,158.74909793876847
1507,Job Board,UNC,Offered,0,116.87920466613632
1508,Job Board,UVA,Interviewed,0,90.84784642008985
1509,Referral,NC State,Offered,0,105.4207560152425
1510,Referral,UNC,Offered,0,86.61990754240365
1511,LinkedIn,UNC,Offered,0,180.84989433368918
1512,Job Board,NC State,Applied,0,121.99850344434482
1513,Job Board,UNC,Applied,0,137.3150546601918
1514,Campus,UVA,Accepted,1,133.28010316807433
1515,Campus,Other,Applied,0,175.48776174663436
1516,LinkedIn,UNC,Interviewed,0,180.2077208199437
1517,Job Board,UVA,Accepted,1,115.12193557349073
1518,Job Board,Duke,Applied,0,127.72615763561735
1519,Campus,UVA,Interviewed,0,142.24201582631883
1520,LinkedIn,Other,Applied,0,164.47995322122927
1521,LinkedIn,UVA,Interviewed,0,218.5481498357761
1522,Job Board,NC State,Applied,0,107.53071319287946
1523,Job Board,Other,Applied,0,134.89796898787387
1524,Job Board,Duke,Interviewed,0,94.71711729944676
1525,LinkedIn,NC State,Offered,0,178.13126835807176
1526,LinkedIn,UVA,Offered,0,217.24866819110713
1527,LinkedIn,Other,Interviewed,0,206.81016185484046
1528,Campus,Duke,Applied,0,141.22828578630646
1529,Job Board,NC State,Interviewed,0,127.10063196341675
1530,Job Board,Duke,Applied,0,100.91921728911284
1531,Job Board,UVA,Offered,0,122.20518234977818
1532,Job Board,Duke,Interviewed,0,122.5710784678013
1533,LinkedIn,UNC,Interviewed,0,192.52436789617943
1534,Referral,NC State,Accepted,1,83.29428588818483
1535,Job Board,Duke,Applied,0,121.40497156429588
1536,Job Board,UVA,Interviewed,0,118.90037713398203
1537,Campus,UVA,Applied,0,140.6835584216078
1538,LinkedIn,Duke,Accepted,1,179.323710596385
1539,Campus,UVA,Applied,0,150.24954098670935
1540,Job Board,Other,Interviewed,0,110.73355270326789
1541,Referral,Other,Accepted,1,79.30684759126133
1542,Campus,Other,Applied,0,150.87059621516224
1543,Referral,UNC,Interviewed,0,132.16610944110772
1544,Referral,Duke,Offered,0,92.66344668185845
1545,LinkedIn,UNC,Applied,0,229.95553082484045
1546,Campus,UVA,Applied,0,192.28663429460192
1547,Referral,UNC,Applied,0,80.9316219524465
1548,LinkedIn,UVA,Applied,0,200.1808841639793
1549,Referral,UVA,Accepted,1,142.0746383563262
1550,LinkedIn,NC State,Interviewed,0,197.57840077181913
1551,Job Board,Other,Applied,0,120.736242915308
1552,LinkedIn,UVA,Applied,0,166.59989051250216
1553,LinkedIn,NC State,Applied,0,189.36676199360664
1554,Job Board,Other,Applied,0,131.11177369337875
1555,LinkedIn,UVA,Applied,0,248.585652859025
1556,Campus,UVA,Applied,0,146.07986333056618
1557,Campus,UNC,Applied,0,116.7474735549729
1558,Referral,UNC,Offered,0,71.89501618453383
1559,Referral,Other,Applied,0,99.28420628123406
1560,Referral,UVA,Offered,0,123.54413596104499
1561,Campus,Duke,Interviewed,0,162.7470736575079
1562,Campus,UNC,Interviewed,0,159.20511727020252
1563,Campus,Other,Interviewed,0,176.18288773835192
1564,LinkedIn,UVA,Interviewed,0,185.59541824962096
1565,LinkedIn,UVA,Offered,0,200.38189439915132
1566,LinkedIn,Duke,Interviewed,0,189.59235759595208
1567,LinkedIn,Other,Interviewed,0,194.57088529095853
1568,Job Board,UVA,Interviewed,0,99.8746129134903
1569,LinkedIn,UNC,Interviewed,0,193.12047857132407
1570,LinkedIn,Duke,Applied,0,199.44568867509201
1571,Referral,Other,Applied,0,92.57057000276899
1572,LinkedIn,Duke,Applied,0,196.77876993972396
1573,Referral,UNC,Accepted,1,108.10081086874372
1574,Job Board,Other,Interviewed,0,144.773915381288
1575,Job Board,Duke,Offered,0,146.22311736225197
1576,Campus,NC State,Interviewed,0,165.22843534793984
1577,Job Board,UNC,Applied,0,94.80037043123369
1578,LinkedIn,UNC,Applied,0,192.79180028860293
1579,LinkedIn,UNC,Interviewed,0,194.51429938574796
1580,LinkedIn,NC State,Interviewed,0,186.8570033842287
1581,Job Board,NC State,Accepted,1,126.84702358059214
1582,LinkedIn,UVA,Applied,0,168.11343013437084
1583,LinkedIn,Duke,Interviewed,0,233.87132939056585
1584,Referral,UVA,Offered,0,123.90441343043429
1585,Campus,Duke,Interviewed,0,159.56404523803516
1586,Campus,NC State,Interviewed,0,148.7578134015963
1587,Campus,NC State,Offered,0,174.57678590145107
1588,Campus,UVA,Applied,0,163.78809873560533
1589,Campus,Other,Offered,0,172.13275568436185
1590,Campus,UVA,Interviewed,0,148.8189583548032
1591,Referral,Duke,Accepted,1,135.78626171728334
1592,Campus,UVA,Offered,0,173.33775751379713
1593,LinkedIn,UNC,Applied,0,210.19072590871863
1594,Job Board,Duke,Applied,0,145.1194584086231
1595,LinkedIn,Duke,Accepted,1,191.61676116332055
1596,Referral,Other,Interviewed,0,76.64999281305947
1597,Campus,NC State,Accepted,1,156.4310102609495
1598,Campus,Duke,Applied,0,148.85819108373062
1599,Campus,NC State,Interviewed,0,146.04565315444742
1600,Campus,UVA,Offered,0,174.32624078698805
1601,LinkedIn,UNC,Accepted,1,203.3427842642126
1602,Campus,Other,Applied,0,155.27138147070968
1603,Campus,NC State,Offered,0,143.45894882491808
1604,Campus,Duke,Interviewed,0,167.62246278559053
1605,LinkedIn,NC State,Applied,0,214.03751562615838
1606,Campus,Duke,Interviewed,0,167.47319353788586
1607,LinkedIn,NC State,Interviewed,0,190.05472066727643
1608,LinkedIn,Duke,Accepted,1,226.0817692009399
1609,Referral,UVA,Interviewed,0,136.77536847532747
1610,Campus,Duke,Applied,0,166.8407679464941
1611,Referral,Duke,Applied,0,83.81423425511419
1612,Referral,UNC,Interviewed,0,83.95595431527597
1613,Campus,Duke,Applied,0,142.49246088813825
1614,Job Board,UNC,Interviewed,0,108.71245571962959
1615,Job Board,Other,Applied,0,118.57814748625471
1616,Campus,UNC,Accepted,1,162.64884932735694
1617,LinkedIn,UVA,Accepted,1,205.79904881499698
1618,Job Board,UNC,Interviewed,0,124.04578112772577
1619,Referral,Other,Accepted,1,95.17594500399709
1620,Campus,UVA,Offered,0,148.523081456709
1621,Campus,NC State,Interviewed,0,165.93151015058004
1622,LinkedIn,NC State,Applied,0,159.7608394500037
1623,LinkedIn,UNC,Applied,0,199.77219183042536
1624,Referral,UNC,Interviewed,0,105.7597518985465
1625,LinkedIn,Other,Offered,0,215.67166137094586
1626,LinkedIn,Other,Applied,0,179.7990812143235
1627,Referral,Duke,Accepted,1,78.74180635093762
1628,Campus,Other,Interviewed,0,161.67909989756268
1629,LinkedIn,Duke,Applied,0,161.91095519486169
1630,Referral,UVA,Accepted,1,126.64378221521571
1631,Job Board,UNC,Applied,0,124.53183982985621
1632,LinkedIn,UVA,Applied,0,231.17442425686875
1633,LinkedIn,Other,Interviewed,0,178.25855246860974
1634,Campus,UVA,Applied,0,141.2728106256352
1635,LinkedIn,UVA,Interviewed,0,151.8426334614623
1636,LinkedIn,UVA,Applied,0,184.08620474009447
1637,Campus,Other,Interviewed,0,146.32306238556242
1638,LinkedIn,UVA,Accepted,1,160.74584839983126
1639,LinkedIn,Duke,Interviewed,0,192.10746375603202
1640,Campus,Other,Applied,0,110.25319646279512
1641,LinkedIn,UVA,Applied,0,194.85079630177148
1642,Campus,Other,Accepted,1,172.94223854216472
1643,LinkedIn,NC State,Applied,0,199.30040499771755
1644,Campus,Duke,Applied,0,183.16414745223605
1645,Job Board,UVA,Applied,0,135.72585126789218
1646,LinkedIn,NC State,Applied,0,226.96295697213944
1647,Referral,NC State,Offered,0,84.70109518243433
1648,Referral,Other,Offered,0,84.21716743214796
1649,LinkedIn,NC State,Applied,0,206.91226832770738
1650,Campus,Duke,Interviewed,0,118.44595816734282
1651,LinkedIn,Duke,Applied,0,209.4228749952418
1652,LinkedIn,UNC,Accepted,1,193.52160366906142
1653,Referral,Duke,Accepted,1,126.59993675093314
1654,LinkedIn,NC State,Applied,0,213.59024508158822
1655,Campus,Duke,Offered,0,171.93412860680255
1656,LinkedIn,Other,Offered,0,184.91587837209906
1657,LinkedIn,UNC,Applied,0,220.96420537523457
1658,Referral,NC State,Applied,0,128.89424988728567
1659,LinkedIn,UNC,Applied,0,199.22572353239318
1660,LinkedIn,NC State,Offered,0,185.21298761267025
1661,Job Board,Other,Accepted,1,105.56425597531181
1662,Referral,UNC,Offered,0,124.7802598403193
1663,Campus,UVA,Offered,0,203.68691484846622
1664,Campus,NC State,Interviewed,0,130.36709859649557
1665,Campus,UVA,Offered,0,128.8295989991488
1666,Campus,UNC,Offered,0,168.42828361348958
1667,Campus,UVA,Applied,0,134.9217294126671
1668,Campus,UVA,Interviewed,0,170.36710768456538
1669,LinkedIn,UNC,Offered,0,209.30692347053292
1670,Campus,Other,Applied,0,149.52045395004072
1671,Job Board,UVA,Interviewed,0,128.82543069043376
1672,Campus,UVA,Applied,0,157.60396738306787
1673,LinkedIn,Other,Interviewed,0,196.40787004427648
1674,LinkedIn,UVA,Offered,0,164.87277936723012
1675,Job Board,UVA,Applied,0,123.5730145717807
1676,Campus,UVA,Applied,0,181.46120732128327
1677,LinkedIn,Duke,Applied,0,167.82462673590953
1678,Job Board,Other,Offered,0,100.6842995972211
1679,Job Board,UVA,Applied,0,128.53653949532023
1680,Job Board,Other,Offered,0,120.77183725464562
1681,LinkedIn,NC State,Applied,0,208.2236431916858
1682,Campus,NC State,Accepted,1,136.01363584344676
1683,Referral,UVA,Accepted,1,123.24916573184612
1684,Job Board,Other,Applied,0,120.93801131380422
1685,LinkedIn,Other,Interviewed,0,213.93971044686114
1686,LinkedIn,Other,Applied,0,206.40554821942192
1687,LinkedIn,Duke,Interviewed,0,203.50989935921984
1688,Referral,NC State,Applied,0,112.5366731405626
1689,Campus,Other,Applied,0,153.729759079339
1690,LinkedIn,Other,Applied,0,176.19601943808976
1691,LinkedIn,Duke,Applied,0,221.7471365143193
1692,LinkedIn,Duke,Applied,0,216.36254572496367
1693,Campus,Other,Interviewed,0,107.8629921728438
1694,Campus,UNC,Accepted,1,136.91599430248647
1695,Referral,Other,Interviewed,0,120.84720924985614
1696,LinkedIn,Other,Interviewed,0,163.46142907044333
1697,LinkedIn,Duke,Applied,0,218.8713376380149
1698,Campus,Duke,Offered,0,147.175549286915
1699,LinkedIn,Other,Accepted,1,226.80565140667983
1700,LinkedIn,Other,Offered,0,199.97706421849074
1701,Campus,Other,Accepted,1,135.55864014008745
1702,LinkedIn,Duke,Applied,0,206.1617132151828
1703,Campus,Other,Offered,0,149.39229020980028
1704,Campus,Other,Offered,0,133.78297731718638
1705,Job Board,UVA,Applied,0,164.36686966022774
1706,LinkedIn,UNC,Accepted,1,180.5780363683137
1707,Job Board,NC State,Applied,0,75.14089249880412
1708,LinkedIn,UNC,Interviewed,0,231.63397936242984
1709,Referral,UVA,Applied,0,88.32873055368147
1710,Referral,NC State,Interviewed,0,94.06453478068609
1711,LinkedIn,Other,Interviewed,0,192.8418787074193
1712,LinkedIn,UVA,Interviewed,0,188.6069713168335
1713,LinkedIn,Other,Applied,0,184.67615057473108
1714,LinkedIn,Duke,Applied,0,180.0636539500607
1715,Job Board,UVA,Interviewed,0,121.29519523409131
1716,Job Board,Duke,Applied,0,111.9602488464873
1717,Job Board,UVA,Applied,0,134.60724380667892
1718,Campus,UVA,Accepted,1,159.65388103232308
1719,Referral,Duke,Offered,0,81.44975612949192
1720,Job Board,NC State,Applied,0,122.17042552144713
1721,Campus,UNC,Offered,0,141.64323351757292
1722,Campus,Other,Offered,0,130.16679114732668
1723,Referral,UVA,Accepted,1,113.78863141030266
1724,LinkedIn,Other,Interviewed,0,197.5734944138327
1725,Job Board,Duke,Applied,0,111.84899959659042
1726,Campus,Other,Applied,0,132.88865527153442
1727,Referral,Duke,Applied,0,79.44126477853322
1728,Campus,Other,Interviewed,0,189.7753604782909
1729,Campus,UNC,Applied,0,156.68237299259994
1730,Campus,UNC,Interviewed,0,128.17741925594368
1731,Job Board,UNC,Applied,0,125.75731796645626
1732,Referral,UNC,Applied,0,121.24032353591076
1733,LinkedIn,UNC,Offered,0,203.35035225060085
1734,LinkedIn,UNC,Applied,0,227.4804268426625
1735,Job Board,Duke,Applied,0,89.14373715860066
1736,LinkedIn,UVA,Offered,0,160.17355905239577
1737,Job Board,Other,Applied,0,125.21034843707507
1738,LinkedIn,UNC,Interviewed,0,205.52992286747767
1739,LinkedIn,Duke,Offered,0,133.20999643491515
1740,LinkedIn,Duke,Applied,0,187.5284781759597
1741,LinkedIn,Duke,Offered,0,179.82675371233088
1742,Referral,UVA,Interviewed,0,72.16107518593688
1743,LinkedIn,Other,Applied,0,179.77916470780377
1744,Campus,UVA,Applied,0,161.9157560319872
1745,Job Board,NC State,Applied,0,99.65189957420583
1746,LinkedIn,Duke,Accepted,1,180.33755730836316
1747,LinkedIn,NC State,Applied,0,167.6238938228464
1748,Job Board,UNC,Applied,0,145.3781928503165
1749,Referral,UNC,Interviewed,0,108.69264730941269
1750,Campus,UVA,Interviewed,0,100.15287594194197
1751,Job Board,Other,Applied,0,100.35519841553628
1752,Referral,NC State,Interviewed,0,110.57035768789852
1753,LinkedIn,Other,Interviewed,0,225.62785097965673
1754,Campus,UVA,Applied,0,166.81677518733312
1755,Referral,UNC,Applied,0,92.8863417948423
1756,Referral,Other,Applied,0,61.37246278413923
1757,LinkedIn,Other,Applied,0,217.40497987822621
1758,Job Board,UNC,Offered,0,114.06206297358992
1759,Referral,NC State,Applied,0,101.3772402923014
1760,Campus,UNC,Applied,0,146.45159123583005
1761,LinkedIn,Other,Applied,0,172.88941000847464
1762,Campus,NC State,Offered,0,157.28500424445977
1763,Referral,NC State,Offered,0,104.52918062226894
1764,Campus,UNC,Interviewed,0,141.48422314170404
1765,LinkedIn,Other,Offered,0,209.42211599724973
1766,Referral,UVA,Offered,0,72.52000905153388
1767,Job Board,Other,Offered,0,114.61994448233783
1768,LinkedIn,Duke,Offered,0,200.5225494587158
1769,Job Board,UVA,Applied,0,85.30144735729876
1770,Campus,NC State,Applied,0,148.85806778327893
1771,Job Board,UVA,Applied,0,134.67290293362592
1772,Campus,NC State,Applied,0,143.93538151914265
1773,LinkedIn,NC State,Accepted,1,199.31770194971313
1774,Referral,UVA,Interviewed,0,111.24688078468334
1775,Campus,NC State,Applied,0,142.24399782267454
1776,Campus,NC State,Offered,0,144.0440520091142
1777,Referral,Duke,Interviewed,0,76.46592970935066
1778,Referral,Other,Applied,0,99.7012644535847
1779,Referral,Other,Interviewed,0,93.3030303279044
1780,Referral,Duke,Interviewed,0,109.98179590106645
1781,LinkedIn,UVA,Offered,0,211.26919908366477
1782,LinkedIn,UNC,Applied,0,215.82418078025762
1783,LinkedIn,UNC,Applied,0,189.83479298209738
1784,Campus,UNC,Interviewed,0,106.46837828751768
1785,Job Board,Duke,Applied,0,134.8327949292955
1786,LinkedIn,Duke,Interviewed,0,208.62241928194817
1787,LinkedIn,NC State,Applied,0,187.2941679062782
1788,LinkedIn,UNC,Applied,0,211.09880399134676
1789,Job Board,UVA,Offered,0,91.02820394967517
1790,Campus,UVA,Interviewed,0,170.6048042574055
1791,LinkedIn,UNC,Applied,0,193.327508964119
1792,LinkedIn,UNC,Interviewed,0,183.42144773990208
1793,Referral,UNC,Offered,0,87.56596887522224
1794,Campus,Duke,Offered,0,145.37030027999575
1795,Job Board,Duke,Applied,0,119.75975853401073
1796,Job Board,Duke,Accepted,1,120.96560560798814
1797,LinkedIn,Other,Applied,0,191.4078511208375
1798,Referral,UVA,Applied,0,104.00479146922959
1799,Job Board,UVA,Applied,0,120.16558548666868
1800,Referral,NC State,Applied,0,87.04854008851201
1801,Campus,Duke,Offered,0,134.03618751157472
1802,LinkedIn,Other,Applied,0,212.16731085789675
1803,Referral,Other,Applied,0,110.48652071995811
1804,LinkedIn,UVA,Offered,0,201.14272710322527
1805,Referral,Duke,Interviewed,0,118.48390931980403
1806,Job Board,NC State,Applied,0,80.77344687664731
1807,Job Board,Duke,Applied,0,108.71210716986593
1808,LinkedIn,UNC,Applied,0,176.8736577533071
1809,Campus,Duke,Applied,0,195.12544530275702
1810,Job Board,UNC,Interviewed,0,134.26439640791972
1811,Job Board,UNC,Applied,0,118.41876032683449
1812,Campus,NC State,Applied,0,165.69981157692314
1813,Job Board,UVA,Interviewed,0,142.3255132751023
1814,Job Board,Duke,Interviewed,0,142.11263383048143
1815,LinkedIn,UNC,Applied,0,218.43406970200706
1816,LinkedIn,Duke,Interviewed,0,194.74919353435877
1817,LinkedIn,UVA,Applied,0,189.97269161032096
1818,Campus,UVA,Interviewed,0,130.7562164003863
1819,LinkedIn,Other,Interviewed,0,210.04894533458014
1820,Job Board,UVA,Applied,0,116.82128529342438
1821,Campus,NC State,Accepted,1,141.63057938965608
1822,LinkedIn,UNC,Applied,0,190.58677276544395
1823,LinkedIn,Other,Offered,0,229.00385261269378
1824,LinkedIn,NC State,Applied,0,219.05360825683343
1825,Job Board,Duke,Interviewed,0,156.6078771225633
1826,LinkedIn,UNC,Interviewed,0,210.58032599784218
1827,LinkedIn,UVA,Offered,0,201.13908880509797
1828,Referral,UNC,Applied,0,99.49195098510151
1829,LinkedIn,Duke,Interviewed,0,179.59396905477053
1830,Campus,Other,Interviewed,0,124.77162016497198
1831,LinkedIn,Other,Interviewed,0,210.14682043785749
1832,Campus,Other,Interviewed,0,131.3064257903349
1833,Campus,UVA,Interviewed,0,154.22915507734473
1834,LinkedIn,NC State,Applied,0,222.30933366190425
1835,LinkedIn,NC State,Applied,0,186.69092133938207
1836,Job Board,UNC,Applied,0,160.20963269183156
1837,LinkedIn,UVA,Applied,0,180.18609758111802
1838,LinkedIn,Other,Accepted,1,219.80389512979693
1839,Referral,Other,Offered,0,108.49512362264724
1840,Campus,Duke,Accepted,1,173.88190499892303
1841,Referral,Duke,Applied,0,77.67604777280621
1842,Campus,Other,Offered,0,196.14041833907223
1843,Job Board,Other,Interviewed,0,116.42449832434188
1844,Campus,UVA,Interviewed,0,163.53295878598564
1845,LinkedIn,NC State,Interviewed,0,228.88974977893002
1846,Campus,Duke,Applied,0,137.9067586500957
1847,Job Board,NC State,Interviewed,0,136.5145272589436
1848,LinkedIn,UVA,Interviewed,0,184.57060709557015
1849,LinkedIn,Other,Applied,0,227.9392316091568
1850,Campus,NC State,Applied,0,134.79638537542533
1851,Referral,Other,Accepted,1,100.77013964991518
1852,Campus,Other,Offered,0,156.1224140202392
1853,Job Board,UNC,Accepted,1,135.6859953944523
1854,Campus,NC State,Interviewed,0,189.3695261685309
1855,Campus,NC State,Applied,0,140.9606202077102
1856,Campus,Other,Applied,0,172.77469548547214
1857,LinkedIn,UVA,Applied,0,239.40516897268273
1858,LinkedIn,UNC,Applied,0,203.31466721729834
1859,Campus,Other,Applied,0,138.99734499759418
1860,Referral,Duke,Applied,0,65.39932521129417
1861,LinkedIn,Duke,Applied,0,237.66551534822125
1862,LinkedIn,UNC,Accepted,1,195.11111340151274
1863,LinkedIn,UVA,Applied,0,179.97283001538898
1864,LinkedIn,Other,Offered,0,172.83339831580474
1865,LinkedIn,NC State,Interviewed,0,179.93571619219918
1866,Campus,UNC,Applied,0,168.3941058645433
1867,Campus,UVA,Applied,0,171.15737055349476
1868,Job Board,NC State,Applied,0,133.04243742911072
1869,Job Board,Duke,Applied,0,122.64675654706728
1870,LinkedIn,Duke,Interviewed,0,175.08958820997327
1871,LinkedIn,NC State,Applied,0,185.40118108195904
1872,Referral,UNC,Applied,0,77.86761178637448
1873,LinkedIn,Duke,Applied,0,211.4564201105253
1874,Campus,Other,Accepted,1,128.73375042276592
1875,Campus,NC State,Offered,0,135.71507777892816
1876,Referral,NC State,Offered,0,96.33025514002986
1877,Referral,Duke,Applied,0,66.60399693807307
1878,Campus,UNC,Offered,0,150.93542861681692
1879,Campus,Other,Offered,0,147.85694237928928
1880,Campus,UNC,Interviewed,0,173.68418291923382
1881,Referral,UVA,Accepted,1,83.60268909932496
1882,Campus,UVA,Applied,0,124.0160896337533
1883,Campus,Duke,Accepted,1,142.5188070081743
1884,Referral,Duke,Accepted,1,78.03817413127967
1885,Campus,Duke,Applied,0,150.78309183626249
1886,Referral,UVA,Interviewed,0,62.80130276346788
1887,Campus,UNC,Accepted,1,137.89309193245438
1888,Campus,UNC,Applied,0,131.4325666035556
1889,Campus,Duke,Interviewed,0,161.35514154172137
1890,Referral,Other,Accepted,1,83.7887058074927
1891,Job Board,UNC,Applied,0,85.27808482803002
1892,Job Board,UVA,Applied,0,115.96359806130903
1893,LinkedIn,NC State,Interviewed,0,206.3977228054902
1894,Referral,NC State,Applied,0,94.57589613478548
1895,Campus,NC State,Interviewed,0,137.77354441561783
1896,LinkedIn,Other,Applied,0,186.56875798831476
1897,Job Board,Duke,Interviewed,0,122.25896064884068
1898,Campus,UVA,Interviewed,0,132.21102501520903
1899,Campus,Other,Offered,0,143.43034057178932
1900,Campus,UVA,Interviewed,0,165.00893141774748
1901,Campus,UVA,Interviewed,0,123.9735384218871
1902,Campus,Duke,Interviewed,0,149.12665960519456
1903,LinkedIn,NC State,Applied,0,164.2202117440599
1904,LinkedIn,Duke,Interviewed,0,204.55859340019907
1905,Job Board,Other,Applied,0,100.42381578401879
1906,Job Board,Other,Offered,0,140.3918362606159
1907,LinkedIn,Other,Applied,0,170.46105380709304
1908,LinkedIn,Duke,Applied,0,208.84158073602015
1909,LinkedIn,UVA,Interviewed,0,224.42262157052986
1910,LinkedIn,UVA,Applied,0,179.38621197159063
1911,LinkedIn,UNC,Applied,0,182.7623014201012
1912,Referral,Other,Interviewed,0,81.11608711246805
1913,LinkedIn,UVA,Interviewed,0,190.2827462319139
1914,LinkedIn,UNC,Interviewed,0,210.3484359837893
1915,LinkedIn,UVA,Applied,0,188.64990132225753
1916,LinkedIn,Other,Interviewed,0,177.58083549587286
1917,Job Board,NC State,Applied,0,79.6249258683342
1918,Referral,Other,Offered,0,132.03895013024794
1919,Campus,Duke,Interviewed,0,183.60991260829294
1920,Job Board,UVA,Applied,0,131.20474078976915
1921,LinkedIn,UVA,Applied,0,183.7923261115003
1922,Job Board,Duke,Applied,0,134.95404230263293
1923,Referral,Duke,Applied,0,118.97413834986132
1924,LinkedIn,NC State,Applied,0,194.9150373717453
1925,Campus,UVA,Interviewed,0,150.82737087997782
1926,LinkedIn,UVA,Interviewed,0,224.63536458978984
1927,LinkedIn,NC State,Applied,0,167.19077285887184
1928,Referral,UNC,Accepted,1,119.96845646244348
1929,LinkedIn,NC State,Applied,0,193.81692377286973
1930,Campus,Other,Offered,0,127.74843395977899
1931,Job Board,UVA,Interviewed,0,99.39387053411323
1932,Job Board,Duke,Applied,0,102.70555730961823
1933,LinkedIn,Other,Applied,0,175.79858559797594
1934,Campus,UVA,Interviewed,0,185.42777948778033
1935,LinkedIn,NC State,Applied,0,209.82405877002003
1936,Campus,Other,Accepted,1,171.28965507217137
1937,Job Board,UVA,Applied,0,131.24736583233357
1938,Campus,UNC,Accepted,1,151.22455216940347
1939,LinkedIn,UNC,Applied,0,201.49510646731264
1940,LinkedIn,Duke,Interviewed,0,192.04974722180276
1941,LinkedIn,UVA,Interviewed,0,193.68435247119658
1942,Referral,UNC,Offered,0,71.83793252374217
1943,Job Board,NC State,Applied,0,141.63652302080527
1944,Campus,UVA,Interviewed,0,113.7353342799391
1945,Campus,NC State,Interviewed,0,128.82778818941603
1946,Campus,NC State,Offered,0,190.2406826192122
1947,Job Board,UNC,Applied,0,122.72345766129654
1948,Job Board,UVA,Offered,0,123.55420890060398
1949,LinkedIn,Other,Applied,0,212.74677095535458
1950,Referral,UNC,Offered,0,69.1932501375721
1951,Referral,UNC,Accepted,1,72.12413267059954
1952,Campus,UVA,Offered,0,141.10211306902306
1953,Job Board,UVA,Applied,0,101.9327808490462
1954,LinkedIn,NC State,Applied,0,198.500880699812
1955,LinkedIn,UVA,Accepted,1,209.7109859060427
1956,LinkedIn,NC State,Applied,0,227.78326095741193
1957,Campus,UNC,Interviewed,0,166.2217667957918
1958,Campus,Duke,Interviewed,0,130.11446576622092
1959,Referral,Other,Offered,0,92.50071844104414
1960,Campus,UNC,Applied,0,137.0610965750077
1961,Referral,UVA,Offered,0,79.66878241975301
1962,Campus,Other,Offered,0,125.11649774644334
1963,LinkedIn,Duke,Applied,0,233.2862477544908
1964,LinkedIn,Duke,Accepted,1,200.212844864653
1965,LinkedIn,NC State,Applied,0,195.51539586790503
1966,Referral,Other,Interviewed,0,109.68515133188603
1967,LinkedIn,NC State,Applied,0,210.67492207483147
1968,LinkedIn,UNC,Applied,0,222.37651307412844
1969,LinkedIn,Other,Accepted,1,185.1267677326647
1970,Referral,UNC,Interviewed,0,108.0544443374564
1971,Job Board,NC State,Applied,0,101.77652047298342
1972,Referral,Other,Applied,0,96.19684112522543
1973,Campus,NC State,Interviewed,0,151.13485134324108
1974,Campus,Other,Interviewed,0,153.08967991438124
1975,LinkedIn,NC State,Applied,0,202.20642211694383
1976,LinkedIn,Duke,Applied,0,216.0366196508984
1977,Campus,NC State,Offered,0,138.06023218048455
1978,LinkedIn,Duke,Applied,0,203.63348545806943
1979,LinkedIn,NC State,Applied,0,184.821903209592
1980,LinkedIn,Other,Applied,0,258.4150513177176
1981,Referral,Other,Offered,0,81.7427136447274
1982,Campus,Other,Applied,0,135.9869469131089
1983,Campus,UVA,Interviewed,0,167.6529615402624
1984,Referral,UNC,Applied,0,91.41069712997682
1985,LinkedIn,Other,Accepted,1,217.6609225540206
1986,Referral,Duke,Applied,0,103.0604518745177
1987,LinkedIn,Other,Offered,0,191.9362146689242
1988,Campus,UVA,Interviewed,0,134.94489301750446
1989,Job Board,Duke,Applied,0,104.22326876726254
1990,Referral,UVA,Offered,0,92.15357994974516
1991,Referral,Duke,Interviewed,0,96.51207363310404
1992,LinkedIn,NC State,Offered,0,183.36237513152253
1993,LinkedIn,UNC,Accepted,1,197.8153513962691
1994,LinkedIn,UNC,Offered,0,178.11769414663985
1995,Campus,UVA,Applied,0,165.11802433192705
1996,Job Board,UNC,Interviewed,0,138.9472479891993
1997,Campus,UVA,Interviewed,0,135.91349619582937
1998,Job Board,UVA,Offered,0,104.7965388976956
1999,LinkedIn,UVA,Interviewed,0,203.55833614019744
2000,Campus,UNC,Offered,0,175.3073218606313
2001,LinkedIn,UVA,Applied,0,229.7332732850635
2002,Job Board,UNC,Applied,0,91.94514553527466
2003,Referral,UVA,Applied,0,120.12609659303048
2004,Job Board,Other,Interviewed,0,118.76893324129611
2005,Referral,UVA,Interviewed,0,99.1562059907893
2006,Referral,Duke,Interviewed,0,110.09424731301122
2007,Job Board,UVA,Interviewed,0,110.38085059167771
2008,Campus,NC State,Interviewed,0,171.9340126421661
2009,LinkedIn,UVA,Applied,0,228.47924543539614
2010,Campus,Duke,Interviewed,0,179.22568555070472
2011,Job Board,Duke,Applied,0,83.12170423469439
2012,Job Board,UNC,Applied,0,115.40685462543141
2013,Campus,Other,Applied,0,111.29538830384485
2014,Referral,UVA,Applied,0,84.69439876113316
2015,Job Board,UNC,Applied,0,72.05002257740685
2016,Campus,Other,Offered,0,159.00533269278972
2017,LinkedIn,UVA,Applied,0,204.38619271160348
2018,Job Board,NC State,Applied,0,111.34797786886469
2019,Campus,UVA,Accepted,1,134.17703778899397
2020,Referral,Duke,Applied,0,106.2806324870734
2021,LinkedIn,Duke,Interviewed,0,179.77155857257807
2022,Job Board,NC State,Interviewed,0,98.41075770465346
2023,Job Board,UNC,Offered,0,95.95167596130582
2024,Job Board,Other,Interviewed,0,115.92318138522702
2025,LinkedIn,UVA,Interviewed,0,188.35384860934474
2026,Job Board,Duke,Interviewed,0,112.3152396307266
2027,Job Board,UNC,Applied,0,130.43617480037463
2028,LinkedIn,NC State,Offered,0,219.26593209719
2029,Job Board,Duke,Applied,0,149.0096156979177
2030,Campus,NC State,Accepted,1,151.20273955936585
2031,LinkedIn,UVA,Applied,0,206.9517820512554
2032,Campus,Other,Interviewed,0,153.7769271426183
2033,Campus,Duke,Applied,0,116.51628602372193
2034,Campus,Duke,Offered,0,142.60605888057827
2035,Referral,UVA,Applied,0,92.69803554518673
2036,LinkedIn,UNC,Offered,0,189.78374348460778
2037,Referral,Other,Offered,0,99.18121342762323
2038,Campus,Duke,Applied,0,145.61038893571342
2039,LinkedIn,Other,Offered,0,180.27346472149884
2040,LinkedIn,Duke,Offered,0,196.97948092305893
2041,Referral,Other,Offered,0,87.21899205829939
2042,LinkedIn,NC State,Applied,0,147.61514546166217
2043,Referral,Duke,Applied,0,72.05862159379073
2044,Job Board,Other,Applied,0,121.77828651626157
2045,Referral,UNC,Interviewed,0,121.8378262830822
2046,Campus,NC State,Accepted,1,101.4559348464347
2047,Campus,NC State,Applied,0,132.59216732492686
2048,Job Board,UNC,Interviewed,0,128.6290766798952
2049,Campus,Other,Applied,0,167.56390927506337
2050,Job Board,UVA,Applied,0,111.59772876847964
2051,LinkedIn,UNC,Offered,0,186.34435283157862
2052,Job Board,Other,Offered,0,144.39421499780386
2053,Referral,UNC,Interviewed,0,115.92185411997137
2054,Job Board,UNC,Applied,0,137.1723679615203
2055,LinkedIn,Duke,Applied,0,190.6387199501851
2056,Referral,Other,Applied,0,122.27388475367357
2057,LinkedIn,UVA,Applied,0,161.09862534272577
2058,LinkedIn,Duke,Applied,0,222.62460183318026
2059,Referral,UNC,Interviewed,0,98.66935693116221
2060,Job Board,UNC,Interviewed,0,122.5786838249563
2061,Job Board,UNC,Applied,0,101.09494683845045
2062,Referral,Other,Interviewed,0,63.719473037836984
2063,LinkedIn,Other,Applied,0,202.1540829558346
2064,LinkedIn,Duke,Interviewed,0,211.02789099182795
2065,Referral,UVA,Accepted,1,114.0538476963753
2066,Campus,Duke,Interviewed,0,161.89557191649172
2067,Campus,NC State,Offered,0,157.36323390106915
2068,LinkedIn,UNC,Applied,0,181.5242712761408
2069,LinkedIn,UNC,Interviewed,0,215.34952145040066
2070,LinkedIn,UNC,Applied,0,179.28755305049344
2071,Campus,Duke,Interviewed,0,172.1412847213027
2072,Campus,Duke,Offered,0,148.32036262387655
2073,Campus,UNC,Offered,0,148.98581560269034
2074,Job Board,Duke,Applied,0,137.31853236610203
2075,LinkedIn,Other,Interviewed,0,220.02937251068278
2076,LinkedIn,Other,Interviewed,0,215.41277357900276
2077,Referral,Duke,Applied,0,83.59084300888662
2078,Campus,UNC,Applied,0,165.25339100877105
2079,Job Board,Duke,Applied,0,103.70420780059104
2080,Referral,Duke,Applied,0,115.75802803455318
2081,Campus,Duke,Applied,0,121.49673607875471
2082,LinkedIn,NC State,Applied,0,198.1263987612327
2083,Job Board,Other,Applied,0,103.58217720988658
2084,Job Board,UVA,Interviewed,0,137.39871304896053
2085,LinkedIn,UVA,Interviewed,0,222.30333548178027
2086,Referral,NC State,Accepted,1,103.97993027583865
2087,Campus,Duke,Interviewed,0,153.3221828787577
2088,Job Board,NC State,Interviewed,0,134.0835424496227
2089,Campus,NC State,Offered,0,172.42229759898237
2090,Job Board,UNC,Interviewed,0,120.74622349324324
2091,Referral,Other,Interviewed,0,90.0064935010404
2092,Referral,UVA,Offered,0,112.94534972880976
2093,LinkedIn,Duke,Applied,0,162.82545257812657
2094,Campus,UVA,Applied,0,168.1930307911765
2095,Campus,UVA,Interviewed,0,135.79626101116577
2096,Campus,Other,Interviewed,0,145.19544267455103
2097,Campus,UVA,Applied,0,168.3210264623662
2098,Referral,UVA,Accepted,1,91.68980967220618
2099,LinkedIn,NC State,Interviewed,0,212.94817757149605
2100,Campus,Other,Interviewed,0,172.77817508148829
2101,Job Board,UNC,Offered,0,122.20066180095012
2102,Job Board,Duke,Applied,0,126.22896311649424
2103,Job Board,UVA,Accepted,1,117.61128252112562
2104,Job Board,Duke,Applied,0,122.31195994127441
2105,Campus,UNC,Applied,0,127.67190440099935
2106,LinkedIn,Duke,Offered,0,194.1252382688385
2107,Referral,UNC,Offered,0,74.2358878603496
2108,Referral,NC State,Offered,0,82.02465550945203
2109,Campus,UVA,Accepted,1,109.94101958655675
2110,Job Board,UNC,Interviewed,0,125.27856307009773
2111,Campus,Duke,Interviewed,0,183.83204330754828
2112,Campus,UVA,Offered,0,140.87788529718858
2113,LinkedIn,NC State,Interviewed,0,219.3026718114476
2114,LinkedIn,UVA,Applied,0,222.51385632033833
2115,LinkedIn,UNC,Offered,0,176.01725531303458
2116,Campus,NC State,Applied,0,130.32412164618356
2117,Job Board,Duke,Interviewed,0,139.81596176704414
2118,LinkedIn,NC State,Offered,0,198.15317274016294
2119,Campus,NC State,Offered,0,124.18422267698816
2120,Job Board,Other,Interviewed,0,107.26280826142785
2121,Job Board,NC State,Interviewed,0,128.39320489624131
2122,Job Board,NC State,Applied,0,104.12126651790332
2123,Job Board,UVA,Offered,0,64.50926269131212
2124,Referral,Duke,Applied,0,93.55973645584328
2125,LinkedIn,UVA,Applied,0,195.18013612289607
2126,Campus,UVA,Applied,0,150.18452868288654
2127,LinkedIn,UNC,Interviewed,0,225.1776674657906
2128,LinkedIn,UVA,Interviewed,0,201.0704559579809
2129,LinkedIn,Other,Offered,0,204.85874708851415
2130,Referral,Other,Interviewed,0,121.11073947298839
2131,LinkedIn,UNC,Applied,0,200.20688031671523
2132,Campus,Duke,Applied,0,192.73041490580204
2133,Campus,Duke,Interviewed,0,124.72583412041996
2134,Referral,UVA,Offered,0,81.31704573784312
2135,Campus,UVA,Applied,0,162.27916816541628
2136,Job Board,UVA,Applied,0,145.08627065877278
2137,LinkedIn,Duke,Applied,0,195.9841000626275
2138,LinkedIn,NC State,Applied,0,179.78757658421188
2139,LinkedIn,Other,Applied,0,235.21979170450703
2140,Job Board,NC State,Applied,0,104.15262210391379
2141,LinkedIn,NC State,Interviewed,0,206.7810890226596
2142,Referral,Duke,Offered,0,126.2830362269557
2143,LinkedIn,NC State,Interviewed,0,191.16789553157957
2144,LinkedIn,UNC,Accepted,1,187.55744325486572
2145,Job Board,UVA,Applied,0,108.92624515940672
2146,Referral,UNC,Interviewed,0,118.03102513149528
2147,Referral,Other,Accepted,1,121.20295410405319
2148,Job Board,UVA,Applied,0,120.67450783524255
2149,Job Board,NC State,Offered,0,157.66164506139467
2150,Referral,Other,Applied,0,100.63933118540255
2151,Job Board,UVA,Applied,0,145.8466642833633
2152,Referral,NC State,Applied,0,91.35996791498121
2153,Referral,UNC,Offered,0,146.6751306741113
2154,Referral,UVA,Offered,0,131.40262831159424
2155,Referral,NC State,Offered,0,97.44050728942969
2156,Campus,UNC,Applied,0,178.69080417434006
2157,Job Board,Other,Applied,0,147.67960982344036
2158,Job Board,Other,Applied,0,151.060821525853
2159,Campus,Other,Applied,0,100.36027328559389
2160,Job Board,Other,Offered,0,134.3870289858167
2161,Campus,Duke,Applied,0,160.84597538611482
2162,LinkedIn,UVA,Offered,0,209.42146561886906
2163,Referral,UVA,Offered,0,104.36692866795795
2164,Campus,Duke,Applied,0,154.95622559029053
2165,Job Board,NC State,Interviewed,0,145.6628061059616
2166,Job Board,NC State,Applied,0,130.78946747386743
2167,LinkedIn,Other,Applied,0,204.33812887464725
2168,Campus,UNC,Applied,0,172.78762029671236
2169,LinkedIn,NC State,Interviewed,0,208.3605235682374
2170,Referral,UNC,Interviewed,0,110.2713685470676
2171,Job Board,UVA,Applied,0,157.34074217622455
2172,Referral,UNC,Interviewed,0,91.31038574900705
2173,LinkedIn,UVA,Applied,0,169.68579323197514
2174,Referral,Duke,Offered,0,101.44727021981595
2175,LinkedIn,Duke,Offered,0,204.29086689913927
2176,Referral,Other,Applied,0,114.43058058914382
2177,Campus,NC State,Applied,0,152.14631829323923
2178,Referral,Other,Offered,0,115.10238487945118
2179,LinkedIn,UVA,Applied,0,250.09233360543138
2180,Job Board,Other,Interviewed,0,136.0302863775402
2181,LinkedIn,UNC,Applied,0,219.54630602102935
2182,Referral,UVA,Interviewed,0,97.40937184555132
2183,Job Board,Duke,Applied,0,92.29485820985396
2184,Campus,NC State,Applied,0,104.03776825740509
2185,Job Board,UVA,Interviewed,0,109.62638835728563
2186,Referral,UVA,Interviewed,0,50.0
2187,Campus,UNC,Offered,0,160.2709805003855
2188,LinkedIn,NC State,Offered,0,192.3436603115029
2189,Referral,Duke,Interviewed,0,73.73250267049514
2190,Campus,UVA,Offered,0,152.6174823989725
2191,LinkedIn,UVA,Applied,0,185.22735612716392
2192,LinkedIn,UNC,Applied,0,209.01552507301537
2193,Referral,Other,Offered,0,114.15252659645007
2194,Campus,Duke,Applied,0,135.96331674023116
2195,Job Board,NC State,Applied,0,115.25437637819348
2196,Job Board,UVA,Applied,0,124.29791507676441
2197,Job Board,UVA,Applied,0,91.8591557291515
2198,Referral,Duke,Accepted,1,104.29615045754032
2199,Campus,Other,Offered,0,121.37962703841208
